Transaction Date,Post Date,Description,Category,Type,Amount,Memo
05/24/2021,05/25/2021,EARTH TREKS CLIMBING,Shopping,Sale,-139.00,
05/24/2021,05/25/2021,LABCORP8008456167,Health & Wellness,Sale,-7.86,
05/23/2021,05/24/2021,CIRCLE K # 44057,Gas,Sale,-38.91,
05/22/2021,05/23/2021,SCRATCH KITCHEN,Food & Drink,Sale,-38.66,
05/20/2021,05/23/2021,Amazon.com*2R73224J0,Shopping,Sale,-101.72,
05/20/2021,05/21/2021,SMASHBURGER #1016,Food & Drink,Sale,-23.36,
05/16/2021,05/17/2021,TST* SALT - BOULDER,Food & Drink,Sale,-65.00,
05/15/2021,05/17/2021,HEALTH INS PREMIUM PMT,Bills & Utilities,Sale,-280.91,
05/14/2021,05/16/2021,WALGREENS #2482,Health & Wellness,Sale,-42.73,
05/13/2021,05/14/2021,VOLOCITY* SPORTS LEAGU,Professional Services,Sale,-89.00,
05/12/2021,05/13/2021,WALGREENS #2482,Health & Wellness,Sale,-7.95,
05/11/2021,05/12/2021,NATURAL GROCERS BD,Groceries,Sale,-15.06,
05/11/2021,05/12/2021,TARGET        00000646,Shopping,Sale,-174.37,
05/10/2021,05/11/2021,TST* TEOCALLI,Food & Drink,Sale,-44.73,
05/10/2021,05/11/2021,GRAMMARLY CO0OCQBSU,Shopping,Sale,-144.00,
05/08/2021,05/10/2021,YOGA POD BOULDER,Health & Wellness,Sale,-10.00,
05/07/2021,05/09/2021,YOGA POD BOULDER,Health & Wellness,Sale,-40.00,
05/06/2021,05/07/2021,Spotify USA,Bills & Utilities,Sale,-10.87,
05/04/2021,05/05/2021,TARGET        00000646,Shopping,Sale,-3.25,
05/04/2021,05/05/2021,JIFFY LUBE #1161,Automotive,Sale,-630.07,
05/03/2021,05/04/2021,SQ *CRYSTAL SPRINGS BREWI,Food & Drink,Sale,-3.17,
05/03/2021,05/04/2021,CIRCLE K # 44057,Gas,Sale,-34.56,
05/03/2021,05/04/2021,Amazon web services,Personal,Sale,-2.30,
05/01/2021,05/03/2021,TARGET        00000646,Shopping,Sale,-112.38,
05/02/2021,05/02/2021,AUTOMATIC PAYMENT - THANK,,Payment,960.79,
05/01/2021,05/02/2021,TRADER JOE'S #301 QPS,Groceries,Sale,-38.31,
04/29/2021,04/30/2021,Pluralsight,Education,Sale,-31.57,
04/29/2021,04/29/2021,COMCAST CABLE COMM,Bills & Utilities,Sale,-50.23,
04/28/2021,04/29/2021,AUTO-OWNERS INSURANCE,Bills & Utilities,Sale,-59.53,
04/27/2021,04/28/2021,STUDIO FRICTION,Gifts & Donations,Sale,-10.00,
04/27/2021,04/27/2021,LCA*LABCORP (LCBS) WEB,Health & Wellness,Sale,-58.22,
04/23/2021,04/25/2021,TRADER JOE'S #301 QPS,Groceries,Sale,-7.25,
04/22/2021,04/23/2021,EASTON TRAINING CENTER-,Health & Wellness,Sale,-15.00,
04/22/2021,04/23/2021,AMZN Mktp US*991TZ6LT3,Shopping,Sale,-59.79,
04/19/2021,04/20/2021,TARGET        00000646,Shopping,Sale,-170.93,
04/19/2021,04/20/2021,TRADER JOE'S #301 QPS,Groceries,Sale,-14.50,
04/19/2021,04/20/2021,LINUXFOUNDATION,Personal,Sale,-300.00,
04/16/2021,04/18/2021,AMZN Mktp US*MQ9IS9IC3,Shopping,Sale,-225.25,
04/16/2021,04/18/2021,Amazon.com*JX4IQ3NI3,Shopping,Sale,-32.64,
04/14/2021,04/15/2021,AMZN Mktp US*H89FD0HX3,Shopping,Sale,-130.60,
04/14/2021,04/15/2021,SP * SAXX UNDERWEAR,Shopping,Sale,-38.83,
04/12/2021,04/14/2021,OZZIES I-80,Gas,Sale,-3.39,
04/12/2021,04/14/2021,OZZIES I-80,Gas,Sale,-47.08,
04/12/2021,04/13/2021,BP#9406372BUCKY'S STORE,Gas,Sale,-44.35,
04/11/2021,04/12/2021,PHILLIPS 66 - DOUGLAS,Gas,Sale,-40.04,
04/09/2021,04/11/2021,HY-VEE LEE'S SUMMIT 1381,Groceries,Sale,-32.48,
04/11/2021,04/11/2021,PANERA BREAD #202394,Food & Drink,Sale,-26.91,
04/07/2021,04/09/2021,REI #167 W DES MOINES,Shopping,Sale,-242.36,
04/06/2021,04/08/2021,Amazon Prime*8F90M3XD3,Bills & Utilities,Sale,-123.59,
04/07/2021,04/08/2021,TRADER JOE'S #721 QPS,Groceries,Sale,-6.58,
04/07/2021,04/08/2021,TRADER JOE'S #721 QPS,Groceries,Sale,-12.27,
04/07/2021,04/08/2021,WM SUPERCENTER #3762,Groceries,Sale,-12.24,
04/06/2021,04/07/2021,Spotify USA,Bills & Utilities,Sale,-10.87,
04/05/2021,04/07/2021,LOVE S TRAVEL 00004267,Gas,Sale,-35.42,
04/05/2021,04/06/2021,CIRCLE K # 44057,Gas,Sale,-36.87,
04/05/2021,04/06/2021,PHILLIPS 66 - FILL N C,Gas,Sale,-3.39,
04/05/2021,04/06/2021,PHILLIPS 66 - FILL N C,Gas,Sale,-41.07,
04/03/2021,04/04/2021,PSI SERVICES LLC USD,Education,Sale,-70.50,
04/03/2021,04/04/2021,Amazon web services,Personal,Sale,-2.27,
04/02/2021,04/02/2021,AUTOMATIC PAYMENT - THANK,,Payment,1287.43,
04/01/2021,04/02/2021,TARGET        00000646,Shopping,Sale,-117.52,
03/31/2021,04/01/2021,PSI SERVICES LLC USD,Education,Sale,-70.50,
03/29/2021,03/30/2021,Pluralsight,Education,Sale,-31.57,
03/29/2021,03/30/2021,AUTO-OWNERS INSURANCE,Bills & Utilities,Sale,-59.53,
03/28/2021,03/29/2021,SQ *WHOLE SOL BLEND BAR,Groceries,Sale,-19.93,
03/29/2021,03/29/2021,COMCAST CABLE COMM,Bills & Utilities,Sale,-50.23,
03/27/2021,03/28/2021,AMZN Mktp US*VO2VH8P53,Shopping,Sale,-41.35,
03/26/2021,03/28/2021,AMZN Mktp US*386LX7OY3,Shopping,Sale,-37.86,
03/25/2021,03/26/2021,UDEMY ONLINE COURSES,Education,Sale,-14.40,
03/22/2021,03/23/2021,EASTON TRAINING CENTER-,Health & Wellness,Sale,-15.00,
03/20/2021,03/22/2021,NEW BOULDER GAS,Gas,Sale,-30.48,
03/18/2021,03/19/2021,TRADER JOE'S #301 QPS,Groceries,Sale,-17.10,
03/18/2021,03/19/2021,AMZN Mktp US*162JK6PB3,Shopping,Sale,-29.38,
03/18/2021,03/19/2021,AMZN Mktp US*OW7HA4BK3,Shopping,Sale,-16.32,
03/18/2021,03/19/2021,TARGET        00000646,Shopping,Sale,-134.58,
03/12/2021,03/14/2021,MCDONALD'S F109,Food & Drink,Sale,-10.76,
03/08/2021,03/09/2021,AMZN Mktp US*SK21L39M3,Shopping,Sale,-17.05,
03/08/2021,03/09/2021,L2G*POLK TREASURER¦515-32,Bills & Utilities,Sale,-1.21,
03/08/2021,03/09/2021,L2G*POLK TREASURER WEB¦51,Bills & Utilities,Sale,-51.30,
03/07/2021,03/08/2021,ENNEAGRAM INSTITUTE,Professional Services,Sale,-12.00,
03/06/2021,03/07/2021,TRADER JOE'S #301 QPS,Groceries,Sale,-26.00,
03/06/2021,03/07/2021,Spotify USA,Bills & Utilities,Sale,-10.87,
03/06/2021,03/07/2021,TARGET        00000646,Shopping,Sale,-73.08,
03/03/2021,03/04/2021,Amazon web services,Personal,Sale,-2.52,
03/02/2021,03/02/2021,AUTOMATIC PAYMENT - THANK,,Payment,7000.78,
03/01/2021,03/02/2021,AUTO-OWNERS INSURANCE,Bills & Utilities,Sale,-114.15,
02/28/2021,03/01/2021,Pluralsight,Education,Sale,-31.57,
03/01/2021,03/01/2021,COMCAST CABLE COMM,Bills & Utilities,Sale,-50.23,
02/21/2021,02/23/2021,LONGMONT CLIMBING COLLE,Health & Wellness,Sale,-10.00,
02/22/2021,02/23/2021,EASTON TRAINING CENTER-,Health & Wellness,Sale,-199.00,
02/18/2021,02/19/2021,LOGMEIN*LastPass,Bills & Utilities,Sale,-28.04,
02/17/2021,02/18/2021,GAIA INC.,Bills & Utilities,Sale,-11.99,
02/17/2021,02/18/2021,Amazon.com*1O72S4R73,Shopping,Sale,-28.05,
02/17/2021,02/18/2021,AMZN Mktp US*959KV4II3,Shopping,Sale,-30.68,
02/15/2021,02/16/2021,TARGET        00000646,Shopping,Sale,-91.29,
02/15/2021,02/16/2021,NATURAL GROCERS BD,Groceries,Sale,-163.92,
02/15/2021,02/16/2021,TRADER JOE'S #301 QPS,Groceries,Sale,-63.80,
02/14/2021,02/15/2021,TST* CORRIDA,Food & Drink,Sale,-273.97,
02/11/2021,02/12/2021,AMZN Mktp US*LV6QI6SM3,Shopping,Sale,-15.23,
02/08/2021,02/09/2021,NINTENDO    *AMERICAUS,Entertainment,Sale,-16.04,
02/07/2021,02/08/2021,NINTENDO    *AMERICAUS,Entertainment,Sale,-19.25,
02/07/2021,02/07/2021,AMZN Mktp US*IB3VM67K3,Shopping,Sale,-43.53,
02/05/2021,02/07/2021,BOULDER MODERN DENTISTRY,Health & Wellness,Sale,-18.00,
02/06/2021,02/07/2021,Spotify USA,Bills & Utilities,Sale,-10.87,
02/05/2021,02/07/2021,AMZN Mktp US*MO0UE0DI3,Shopping,Sale,-65.30,
02/04/2021,02/05/2021,Amazon web services,Personal,Sale,-1.41,
02/03/2021,02/04/2021,AMZN Mktp US*Z12CW7LU3,Shopping,Sale,-18.82,
02/03/2021,02/04/2021,TARGET        00000646,Shopping,Sale,-162.58,
02/02/2021,02/02/2021,AUTOMATIC PAYMENT - THANK,,Payment,1627.34,
01/31/2021,02/02/2021,ELDORA SKIER SERVICES,Entertainment,Sale,-29.00,
01/31/2021,02/02/2021,ELDORA SKIER SERVICES,Entertainment,Sale,-111.75,
02/01/2021,02/02/2021,REI.COM,Shopping,Sale,-55.15,
01/30/2021,02/01/2021,CIRCLE K # 44057,Gas,Sale,-39.20,
01/30/2021,01/31/2021,EPIC MOUNT GEAR  BOULDER,Shopping,Sale,-272.11,
01/29/2021,01/31/2021,Pluralsight,Education,Sale,-29.00,
01/30/2021,01/31/2021,ROSARIO'S RESTAURANT,Food & Drink,Sale,-35.00,
01/29/2021,01/29/2021,COMCAST CABLE COMM,Bills & Utilities,Sale,-50.23,
01/23/2021,01/28/2021,River and Woods,Food & Drink,Sale,-54.00,
01/27/2021,01/28/2021,TARGET        00000646,Shopping,Sale,-25.19,
01/25/2021,01/26/2021,CO DRIVER SERVI EMV,Bills & Utilities,Sale,-34.38,
01/23/2021,01/25/2021,ELDORA SKIER SERVICES,Entertainment,Sale,-44.00,
01/24/2021,01/25/2021,PANERA BREAD #202439 O,Food & Drink,Sale,-34.78,
01/23/2021,01/25/2021,ELDORA SKIER SERVICES,Entertainment,Sale,-99.00,
01/20/2021,01/21/2021,Amazon.com*6X4Y29VW3,Shopping,Sale,-163.08,
01/19/2021,01/20/2021,REI.COM,Shopping,Sale,-280.62,
01/18/2021,01/19/2021,TARGET        00000646,Shopping,Sale,-27.44,
01/17/2021,01/18/2021,GAIA INC.,Bills & Utilities,Sale,-11.99,
01/16/2021,01/17/2021,TOP GOLF THORNTON 69-2,Food & Drink,Sale,-99.86,
01/09/2021,01/11/2021,CIRCLE K # 44057,Gas,Sale,-13.93,
01/09/2021,01/11/2021,TARGET        00000646,Shopping,Sale,-74.77,
01/09/2021,01/10/2021,NATURAL GROCERS BD,Groceries,Sale,-69.81,
01/09/2021,01/10/2021,TRADER JOE'S #301 QPS,Groceries,Sale,-76.11,
01/08/2021,01/08/2021,FINANCIAL EDUCATION,Shopping,Sale,-5000.00,
01/06/2021,01/07/2021,KING SOOPERS 0061,Groceries,Sale,-25.83,
01/05/2021,01/06/2021,NINTENDO    *AMERICAUS,Entertainment,Sale,-26.74,
01/04/2021,01/06/2021,UNITED      0169904801614,Travel,Sale,-35.00,
01/05/2021,01/05/2021,UBER   TRIP,Travel,Sale,-75.22,
01/05/2021,01/05/2021,UBER   TRIP,Travel,Sale,-15.00,
01/03/2021,01/04/2021,Amazon web services,Personal,Sale,-2.25,
12/31/2020,01/03/2021,UNITED      0167541667768,Travel,Sale,-158.10,
01/01/2021,01/01/2021,AUTOMATIC PAYMENT - THANK,,Payment,1547.73,
12/29/2020,12/30/2020,Pluralsight,Education,Sale,-29.00,
12/28/2020,12/29/2020,GRUBHUBKFC,Food & Drink,Sale,-64.81,
12/28/2020,12/29/2020,GOOGLE *miqing yang,Professional Services,Sale,-5.30,
12/29/2020,12/29/2020,COMCAST CABLE COMM,Bills & Utilities,Sale,-50.23,
12/28/2020,12/29/2020,GOOGLE *ThermalCam,Shopping,Sale,-1.05,
12/24/2020,12/24/2020,UBER   TRIP,Travel,Sale,-52.11,
12/23/2020,12/24/2020,MONICAL'S - MATTIS,Food & Drink,Sale,-65.30,
12/22/2020,12/24/2020,Amazon web services,Personal,Sale,-12.00,
12/22/2020,12/23/2020,AMZN Mktp US*DC0VE87K3,Shopping,Sale,-27.16,
12/21/2020,12/22/2020,GOOGLE* miqing yang,Shopping,Sale,-5.30,
12/20/2020,12/22/2020,AMERICAN AIR0012150244503,Travel,Sale,-153.60,
12/21/2020,12/21/2020,ALLIANZ TRAVEL INS,Bills & Utilities,Sale,-22.75,
12/18/2020,12/20/2020,GOOGLE *miqing yang,Entertainment,Sale,-1.05,
12/18/2020,12/20/2020,GOOGLE *miqing yang,Shopping,Sale,-1.05,
12/18/2020,12/20/2020,Amazon.com*3I8OD2YW3,Shopping,Sale,-13.91,
12/19/2020,12/20/2020,GOOGLE* miqing yang,Shopping,Sale,-1.05,
12/18/2020,12/18/2020,GOOGLE* miqing yang,Entertainment,Sale,-1.05,
12/17/2020,12/18/2020,GAIA INC.,Bills & Utilities,Sale,-11.99,
12/17/2020,12/18/2020,GOOGLE*MIQING YANG,Professional Services,Sale,-10.61,
12/16/2020,12/17/2020,AMZN Mktp US*7O4650LS3,Shopping,Sale,-43.53,
12/16/2020,12/17/2020,INSTACART,Groceries,Sale,-83.52,
12/16/2020,12/17/2020,INSTACART,Groceries,Sale,-58.55,
12/16/2020,12/17/2020,GOOGLE *miqing yang,Shopping,Sale,-10.61,
12/15/2020,12/16/2020,GOOGLE *miqing yang,Professional Services,Sale,-5.30,
12/15/2020,12/16/2020,GOOGLE *miqing yang,Shopping,Sale,-10.61,
12/14/2020,12/15/2020,GOOGLE *miqing yang,Entertainment,Sale,-5.30,
12/14/2020,12/15/2020,GOOGLE *miqing yang,Shopping,Sale,-5.30,
12/14/2020,12/15/2020,BESTBUYCOM806389403833,Shopping,Sale,-304.76,
12/14/2020,12/15/2020,GOOGLE *miqing yang,Professional Services,Sale,-1.05,
12/13/2020,12/14/2020,GOOGLE *Fastone Games,Shopping,Sale,-4.24,
12/13/2020,12/14/2020,GOOGLE *miqing yang,Bills & Utilities,Sale,-1.05,
12/13/2020,12/14/2020,GOOGLE*MIQING YANG,Professional Services,Sale,-1.05,
12/12/2020,12/13/2020,GOOGLE *Fastone Games,Shopping,Sale,-21.24,
12/12/2020,12/13/2020,GOOGLE *Fastone Games,Professional Services,Sale,-10.61,
12/12/2020,12/13/2020,AMZN Mktp US*TN63I0393,Shopping,Sale,-11.96,
12/12/2020,12/13/2020,Amazon web services,Personal,Sale,-12.00,
12/12/2020,12/13/2020,Amazon web services,Personal,Sale,-12.00,
12/10/2020,12/11/2020,GOOGLE *Fastone Games,Shopping,Sale,-21.24,
12/10/2020,12/11/2020,AMZN Mktp US*AR7KP4JT3,Shopping,Sale,-16.32,
12/09/2020,12/11/2020,WHOOP,Shopping,Sale,-30.00,
12/09/2020,12/10/2020,AMZN Mktp US*667WT81J3,Shopping,Sale,-15.23,
12/08/2020,12/09/2020,AMZN Mktp US*TT8PR7WW3,Shopping,Sale,-80.27,
12/06/2020,12/07/2020,INSTACART,Groceries,Sale,-29.94,
12/06/2020,12/07/2020,BESTBUYCOM389392539,Shopping,Sale,-5.00,
12/05/2020,12/06/2020,STEAMGAMES.COM 4259522985,Entertainment,Sale,-46.77,
12/02/2020,12/03/2020,AMZN Mktp US*KK8G79Z33,Shopping,Sale,-43.33,
12/02/2020,12/03/2020,AMZN Mktp US*5I5AA7W53,Shopping,Sale,-5.43,
12/02/2020,12/03/2020,AMZN Mktp US*2E47R82X3,Shopping,Sale,-36.00,
12/02/2020,12/02/2020,AUTOMATIC PAYMENT - THANK,,Payment,2048.84,
11/30/2020,12/01/2020,GOOGLE *Fastone Games,Entertainment,Sale,-21.24,
11/30/2020,12/01/2020,GOOGLE *Fastone Games,Shopping,Sale,-7.43,
11/28/2020,11/30/2020,TARGET        00000646,Shopping,Sale,-128.15,
11/30/2020,11/30/2020,GOOGLE *Fastone Games,Shopping,Sale,-21.24,
11/27/2020,11/29/2020,GOOGLE*FASTONE GAMES,Shopping,Sale,-1.05,
11/28/2020,11/29/2020,NATURAL GROCERS BD,Groceries,Sale,-111.54,
11/27/2020,11/29/2020,GOOGLE *Fastone Games,Shopping,Sale,-4.24,
11/29/2020,11/29/2020,COMCAST CABLE COMM,Bills & Utilities,Sale,-50.23,
11/23/2020,11/24/2020,ADVANCE AUTO PARTS #7264,Automotive,Sale,-322.15,
11/22/2020,11/24/2020,EASTON TRAINING CENTER-,Health & Wellness,Sale,-199.00,
11/21/2020,11/22/2020,WHOOP,Shopping,Sale,-32.10,
11/22/2020,11/22/2020,PAYPAL *WESTERNBIDI,Shopping,Sale,-19.63,
11/18/2020,11/20/2020,PEICE LOVE &amp; CHOCOLATE,Food & Drink,Sale,-10.92,
11/18/2020,11/19/2020,Amazon.com*E98ND7O83,Shopping,Sale,-54.41,
11/18/2020,11/19/2020,AMZN Mktp US*5D87F8F73,Shopping,Sale,-35.89,
11/17/2020,11/18/2020,GAIA INC.,Bills & Utilities,Sale,-11.99,
11/16/2020,11/17/2020,NATURAL GROCERS BD,Groceries,Sale,-149.77,
11/16/2020,11/17/2020,EileenJaneStudio,Shopping,Sale,-31.55,
11/14/2020,11/15/2020,Amazon.com*201614C72,Shopping,Sale,-14.14,
11/14/2020,11/15/2020,InkDezigns,Shopping,Sale,-125.45,
11/07/2020,11/08/2020,TARGET        00000646,Shopping,Sale,-84.18,
11/05/2020,11/06/2020,AMZN Mktp US*282OF7QE1,Shopping,Sale,-13.63,
11/05/2020,11/06/2020,CIRCLE K # 44057,Gas,Sale,-13.04,
11/03/2020,11/04/2020,Amazon web services,Personal,Sale,-0.31,
11/02/2020,11/02/2020,AUTOMATIC PAYMENT - THANK,,Payment,130.73,
10/29/2020,10/30/2020,Amazon.com*286GL9LZ1,Shopping,Sale,-89.94,
10/29/2020,10/29/2020,COMCAST CABLE COMM,Bills & Utilities,Sale,-50.23,
10/28/2020,10/29/2020,THORPE WATER DEVELOPMENT,Bills & Utilities,Sale,-10.60,
10/29/2020,10/29/2020,GOOGLE* Bumble,Entertainment,Sale,-2.11,
10/28/2020,10/28/2020,AMZN Mktp US*282T05CL1,Shopping,Sale,-47.18,
10/28/2020,10/28/2020,AMZN Mktp US*2T6HY3WI0,Shopping,Sale,-9.43,
10/26/2020,10/27/2020,TARGET        00000646,Shopping,Sale,-8.07,
10/26/2020,10/27/2020,AMZN Mktp US*2T9Z98UE0,Shopping,Sale,-70.09,
10/26/2020,10/27/2020,AMZN Mktp US*2T6RB1RQ1,Shopping,Sale,-31.49,
10/25/2020,10/27/2020,SHELL OIL 57443369004,Gas,Sale,-28.00,
10/26/2020,10/27/2020,TRADER JOE'S #301 QPS,Groceries,Sale,-30.03,
10/25/2020,10/27/2020,SHELL OIL 57443369004,Gas,Sale,-3.62,
10/26/2020,10/27/2020,NATURAL GROCERS BD,Groceries,Sale,-126.94,
10/25/2020,10/26/2020,GULF OIL 92059236,Gas,Sale,-30.87,
10/25/2020,10/26/2020,KUM &amp; GO #510,Gas,Sale,-30.90,
10/24/2020,10/26/2020,DAVISBROWNKECK,Travel,Sale,-7.00,
10/24/2020,10/26/2020,PARKING METERS,Travel,Sale,-1.25,
10/22/2020,10/25/2020,5GUYS 0663 QSR,Food & Drink,Sale,-20.36,
10/23/2020,10/25/2020,WARRIOR LANES,Entertainment,Sale,-3.75,
10/22/2020,10/23/2020,KOHL'S #1253,Shopping,Sale,-10.69,
10/22/2020,10/23/2020,EASTON TRAINING CENTER-,Health & Wellness,Sale,-199.00,
10/22/2020,10/23/2020,BEST BUY      00007963,Shopping,Sale,-111.95,
10/22/2020,10/23/2020,VIOC GR0004,Automotive,Sale,-151.90,
10/21/2020,10/22/2020,WHOOP,Shopping,Sale,-32.10,
10/20/2020,10/21/2020,AUTO-OWNERS INSURANCE,Bills & Utilities,Sale,-258.79,
10/19/2020,10/20/2020,FOUNDRY GAMING LLC,Shopping,Sale,-50.00,
10/18/2020,10/20/2020,ROLL20.NET,Shopping,Sale,-4.99,
10/18/2020,10/19/2020,GAIA INC.,Bills & Utilities,Sale,-11.99,
10/17/2020,10/19/2020,CENEX KC MART 09883836,Gas,Sale,-31.75,
10/17/2020,10/18/2020,PHILLIPS 66 - TIME S 7,Gas,Sale,-2.39,
10/17/2020,10/18/2020,KUM &amp; GO #939,Gas,Sale,-26.30,
10/17/2020,10/18/2020,PHILLIPS 66 - TIME S 7,Gas,Sale,-25.20,
10/16/2020,10/18/2020,JAPANGO,Food & Drink,Sale,-112.65,
10/18/2020,10/18/2020,Subway 10548,Food & Drink,Sale,-8.87,
10/15/2020,10/16/2020,AMZN Mktp US*MK6AW8WH2,Shopping,Sale,-33.58,
10/14/2020,10/15/2020,RIVER AND WOODS,Food & Drink,Sale,-21.78,
10/10/2020,10/12/2020,BOULDER ROCK CLUB,Entertainment,Sale,-21.00,
10/09/2020,10/11/2020,Amazon.com*MK1B91M40,Shopping,Sale,-13.05,
10/08/2020,10/11/2020,4902 CRUNCH BOULDER,Health & Wellness,Sale,-1.09,
10/10/2020,10/11/2020,NATURAL GROCERS BD,Groceries,Sale,-169.99,
10/08/2020,10/09/2020,Amazon.com*MK83C6VF2,Shopping,Sale,-7.34,
10/07/2020,10/08/2020,THE TIE BAR,Shopping,Sale,-33.27,
10/07/2020,10/08/2020,PAYPAL *TOMREED TOMREED,Professional Services,Sale,-19.00,
10/08/2020,10/08/2020,PAYPAL *TOMREED TOMREED,Professional Services,Sale,-88.00,
10/04/2020,10/05/2020,GOOGLE*IRONHIDE,Entertainment,Sale,-5.30,
10/03/2020,10/05/2020,MOVEMENT CLIMBING AND,Health & Wellness,Sale,-55.97,
10/04/2020,10/05/2020,GOOGLE*IRONHIDE,Entertainment,Sale,-18.05,
10/04/2020,10/05/2020,Amazon.com*MK4A96JR2,Shopping,Sale,-17.87,
10/04/2020,10/05/2020,AMZN Mktp US*MK4UD8PL1,Shopping,Sale,-33.54,
10/03/2020,10/04/2020,Payment Thank You-Mobile,,Payment,2254.67,
10/02/2020,10/02/2020,AUTOMATIC PAYMENT - THANK,,Payment,134.92,
09/30/2020,10/02/2020,BLT*ORIGIN USA,Shopping,Sale,-167.65,
09/30/2020,10/01/2020,UNIVERSAL LIFE CHURCH,Personal,Sale,-58.48,
09/29/2020,09/30/2020,TRADER JOE'S #301 QPS,Groceries,Sale,-19.17,
09/29/2020,09/30/2020,TARGET        00000646,Shopping,Sale,-45.61,
09/28/2020,09/29/2020,THORPE WATER DEVELOPMENT,Bills & Utilities,Sale,-193.34,
09/29/2020,09/29/2020,COMCAST CABLE COMM,Bills & Utilities,Sale,-50.23,
09/27/2020,09/28/2020,MTN PRIME STEAKHOUSE,Food & Drink,Sale,-79.28,
09/26/2020,09/28/2020,TARGET        00000646,Shopping,Sale,-25.94,
09/22/2020,09/23/2020,EASTON TRAINING CENTER-,Health & Wellness,Sale,-199.00,
09/21/2020,09/22/2020,WHOOP,Shopping,Sale,-32.10,
09/20/2020,09/21/2020,IKEA CENTENNIAL,Home,Sale,-159.06,
09/20/2020,09/21/2020,CIRCLE K # 44057,Gas,Sale,-40.45,
09/19/2020,09/21/2020,SHELL OIL 57444230007,Gas,Sale,-9.18,
09/18/2020,09/20/2020,ROLL20.NET,Shopping,Sale,-4.99,
09/18/2020,09/20/2020,FSI*XCEL ENERGY PMTS,Bills & Utilities,Sale,-122.18,
09/18/2020,09/20/2020,GAIA INC.,Bills & Utilities,Sale,-11.99,
09/20/2020,09/20/2020,DollarShaveClubUS,Bills & Utilities,Sale,-14.48,
09/16/2020,09/17/2020,TARGET        00000646,Shopping,Sale,-173.55,
09/16/2020,09/17/2020,GOOGLE *VOICE,Bills & Utilities,Sale,-10.00,
09/15/2020,09/15/2020,TARGET.COM  *,Shopping,Sale,-119.73,
09/14/2020,09/15/2020,Amazon.com*M49625CM2,Shopping,Sale,-19.68,
09/14/2020,09/15/2020,GOOGLE *CALM,Bills & Utilities,Sale,-74.36,
09/13/2020,09/14/2020,IKEA CENTENNIAL,Home,Sale,-281.81,
09/11/2020,09/13/2020,GOOGLE *Hinge,Bills & Utilities,Sale,-21.24,
09/13/2020,09/13/2020,RUGS.COM -,Home,Sale,-40.94,
09/11/2020,09/11/2020,AMZN Mktp US*MU7HO4KU2,Shopping,Sale,-29.29,
09/09/2020,09/10/2020,AMZN Mktp US*MU0CT9D92,Shopping,Sale,-133.22,
09/07/2020,09/08/2020,TRADER JOE'S #301 QPS,Groceries,Sale,-22.66,
09/07/2020,09/08/2020,TARGET        00000646,Shopping,Sale,-56.98,
09/04/2020,09/06/2020,Amazon.com*MU9KH7QQ1,Shopping,Sale,-38.08,
09/03/2020,09/04/2020,AMZN Mktp US*MU5PN3831,Shopping,Sale,-13.64,
09/02/2020,09/02/2020,Payment Thank You-Mobile,,Payment,6867.31,
09/01/2020,09/02/2020,AMZN Mktp US*MM6CG7IE0,Shopping,Sale,-12.59,
09/01/2020,09/02/2020,TARGET        00000646,Shopping,Sale,-108.69,
08/30/2020,09/01/2020,CASEYS GEN STORE 2521,Gas,Sale,-31.16,
08/31/2020,09/01/2020,THORPE WATER DEVELOPMENT,Bills & Utilities,Sale,-14.70,
08/30/2020,08/31/2020,CENEX COUNTRY 09884099,Gas,Sale,-31.82,
08/30/2020,08/31/2020,PHILLIPS 66 - BRUSH TRAVE,Gas,Sale,-39.77,
08/29/2020,08/31/2020,THE HOME DEPOT 2115,Home,Sale,-84.80,
08/29/2020,08/30/2020,COMCAST CABLE COMM,Bills & Utilities,Sale,-25.23,
08/29/2020,08/30/2020,AMZN Mktp US*MU19S4TC1,Shopping,Sale,-14.65,
08/28/2020,08/30/2020,PILOT_00686,Gas,Sale,-33.71,
08/29/2020,08/30/2020,WAL-MART #5748,Groceries,Sale,-7.36,
08/28/2020,08/30/2020,GULF OIL 92059251,Gas,Sale,-36.47,
08/29/2020,08/30/2020,AMZN Mktp US*MM8MN6SR0,Shopping,Sale,-9.99,
08/28/2020,08/30/2020,AMZN Mktp US*MM5160R62,Shopping,Sale,-24.01,
08/26/2020,08/27/2020,WALMART.COM AW,Shopping,Sale,-122.58,
08/24/2020,08/25/2020,AMZN Mktp US*MM1996842,Shopping,Sale,-31.14,
08/24/2020,08/25/2020,AMZN Mktp US*MM8Q23UC1,Shopping,Sale,-86.07,
08/24/2020,08/25/2020,AMZN Mktp US*MM7R37U71,Shopping,Sale,-23.09,
08/23/2020,08/24/2020,TARGET        00000646,Shopping,Sale,-13.40,
08/23/2020,08/24/2020,TRADER JOE'S #301 QPS,Groceries,Sale,-61.49,
08/22/2020,08/24/2020,EASTON TRAINING CENTER-,Health & Wellness,Sale,-99.00,
08/22/2020,08/24/2020,4902 CRUNCH BOULDER,Health & Wellness,Sale,-59.28,
08/21/2020,08/23/2020,HUMBLEBUNDLE.COM,Shopping,Sale,-19.99,
08/21/2020,08/23/2020,WHOOP,Shopping,Sale,-31.80,
08/19/2020,08/20/2020,TRADER JOE'S #301 QPS,Groceries,Sale,-46.84,
08/18/2020,08/20/2020,ROLL20.NET,Shopping,Sale,-4.99,
08/18/2020,08/19/2020,NEWEGG INC,Shopping,Sale,-160.62,
08/17/2020,08/18/2020,ATHLEAN-X,Entertainment,Sale,-102.62,
08/15/2020,08/16/2020,CIRCLE K # 44057,Gas,Sale,-34.84,
08/15/2020,08/16/2020,IKEA CENTENNIAL,Home,Sale,-149.43,
08/14/2020,08/16/2020,TARGET        00000646,Shopping,Sale,-149.78,
08/14/2020,08/16/2020,WMV*MATCH.COM,Personal,Sale,-83.43,
08/15/2020,08/16/2020,IKEA CENTENNIAL,Home,Return,159.06,
08/14/2020,08/14/2020,gotinder.com/help,Personal,Sale,-32.09,
08/12/2020,08/13/2020,Patagonia Direct Inc.,Shopping,Sale,-94.49,
08/11/2020,08/12/2020,BEST BUY      00010314,Shopping,Sale,-2211.46,
08/11/2020,08/12/2020,GUIRY'S  BOULDER,Home,Sale,-43.97,
08/11/2020,08/11/2020,gotinder.com/help,Personal,Return,9.77,
08/11/2020,08/11/2020,gotinder.com/help,Personal,Sale,-16.04,
08/08/2020,08/10/2020,IKEA CENTENNIAL,Home,Sale,-38.38,
08/07/2020,08/10/2020,River and Woods,Food & Drink,Sale,-75.21,
08/08/2020,08/10/2020,TRADER JOE'S #301 QPS,Groceries,Sale,-108.83,
08/07/2020,08/09/2020,IKEA CENTENNIAL,Home,Sale,-692.81,
08/08/2020,08/09/2020,COMCAST DENVER,Bills & Utilities,Sale,-25.00,
08/07/2020,08/09/2020,7-ELEVEN 39591,Gas,Sale,-41.27,
08/07/2020,08/09/2020,COLDSTONE #21442,Food & Drink,Sale,-15.39,
08/08/2020,08/09/2020,gotinder.com/help,Personal,Sale,-10.69,
08/07/2020,08/09/2020,IKEA CENTENNIAL,Home,Sale,-102.82,
08/07/2020,08/09/2020,IKEA CENTENNIAL,Home,Sale,-798.49,
08/07/2020,08/09/2020,IKEA CENTENNIAL,Home,Sale,-883.89,
08/06/2020,08/07/2020,CENEX YESWAY  09883174,Gas,Sale,-4.09,
08/06/2020,08/07/2020,CENEX YESWAY  09883174,Gas,Sale,-31.96,
08/06/2020,08/07/2020,FREDDY'S 52-0003,Food & Drink,Sale,-10.80,
08/06/2020,08/07/2020,USPS CHANGE OF ADDRESS,Shopping,Sale,-1.05,
08/06/2020,08/07/2020,PILOT_00687,Gas,Sale,-34.02,
08/05/2020,08/07/2020,SCHULTZ CHIROPRACTIC WELL,Health & Wellness,Sale,-79.00,
08/06/2020,08/07/2020,FREDDY'S 52-0003,Food & Drink,Sale,-3.66,
08/03/2020,08/05/2020,THE HALL,Food & Drink,Sale,-12.08,
08/04/2020,08/04/2020,Payment Thank You-Mobile,,Payment,822.25,
08/02/2020,08/04/2020,QT 531,Gas,Sale,-34.59,
08/02/2020,08/02/2020,AUTOMATIC PAYMENT - THANK,,Payment,23.40,
08/01/2020,08/02/2020,MSI RENTERS INSURANCE,Bills & Utilities,Sale,-154.00,
07/30/2020,07/31/2020,UDEMY ONLINE COURSES,Education,Sale,-11.76,
07/28/2020,07/29/2020,THORPE WATER DEVELOPMENT,Bills & Utilities,Sale,-14.70,
07/25/2020,07/27/2020,MENARDS 3360,Home,Sale,-0.98,
07/25/2020,07/26/2020,TST* WASABI - JOHNSTON,Food & Drink,Sale,-46.36,
07/25/2020,07/26/2020,WAL-MART #5748,Groceries,Sale,-8.12,
07/25/2020,07/26/2020,UBER   EATS,Food & Drink,Sale,-16.98,
07/25/2020,07/26/2020,UBER   EATS,Food & Drink,Sale,-4.24,
07/20/2020,07/23/2020,SP * CLEANSING SKIN,Shopping,Sale,-39.99,
07/20/2020,07/22/2020,SCHULTZ CHIROPRACTIC WELL,Health & Wellness,Sale,-79.00,
07/18/2020,07/20/2020,ROLL20.NET,Shopping,Sale,-4.99,
07/18/2020,07/19/2020,WHOOP,Shopping,Sale,-63.33,
07/14/2020,07/15/2020,POWER LIFE YOGA JOHNSTN,Health & Wellness,Sale,-99.00,
07/13/2020,07/14/2020,TARGET        00017913,Groceries,Sale,-160.50,
07/10/2020,07/12/2020,FRESH THYME #951,Groceries,Sale,-22.00,
07/07/2020,07/07/2020,Patagonia Direct Inc.,Shopping,Sale,-96.30,
07/02/2020,07/03/2020,SP * SEX AND MONSTERS,Professional Services,Return,44.23,
07/02/2020,07/03/2020,SP * SEX AND MONSTERS,Professional Services,Return,20.98,
07/02/2020,07/02/2020,Payment Thank You-Mobile,,Payment,917.95,
06/30/2020,07/02/2020,TARGET        00017913,Groceries,Sale,-88.61,
06/30/2020,07/01/2020,AF*FOX PROPERTY MANAG.,Professional Services,Sale,-50.00,
06/29/2020,07/01/2020,SCHULTZ CHIROPRACTIC WELL,Health & Wellness,Sale,-59.00,
06/27/2020,06/28/2020,SONIC DRIVE IN #4223,Food & Drink,Sale,-11.90,
06/26/2020,06/28/2020,TST* Q39 - MIDTOWN,Food & Drink,Sale,-61.33,
06/25/2020,06/26/2020,THORPE WATER DEVELOPMENT,Bills & Utilities,Sale,-14.70,
06/19/2020,06/21/2020,SP * SEX AND MONSTERS,Professional Services,Sale,-20.98,
06/19/2020,06/21/2020,SP * SEX AND MONSTERS,Professional Services,Sale,-44.23,
06/19/2020,06/21/2020,UDEMY ONLINE COURSES,Education,Sale,-11.76,
06/18/2020,06/21/2020,ROLL20.NET,Shopping,Sale,-4.99,
06/15/2020,06/16/2020,POWER LIFE YOGA JOHNSTN,Health & Wellness,Sale,-99.00,
06/13/2020,06/15/2020,QT 531,Gas,Sale,-34.48,
06/14/2020,06/15/2020,DIRT BURGER,Food & Drink,Sale,-10.70,
06/12/2020,06/14/2020,AMZN Mktp US*MY2HQ4DH2,Shopping,Sale,-29.95,
06/13/2020,06/14/2020,HY-VEE URBANDALE 1759,Groceries,Sale,-239.59,
06/12/2020,06/14/2020,CLIMBIOWA.COM,Health & Wellness,Sale,-76.00,
06/07/2020,06/08/2020,HY-VEE DES MOINES 1155,Groceries,Sale,-22.24,
06/01/2020,06/03/2020,SCHULTZ CHIROPRACTIC WELL,Health & Wellness,Sale,-79.00,
06/01/2020,06/01/2020,Payment Thank You-Mobile,,Payment,1056.15,
05/30/2020,06/01/2020,THE HOME DEPOT 2115,Home,Sale,-48.10,
05/30/2020,05/31/2020,TARGET        00017913,Groceries,Sale,-167.41,
05/28/2020,05/29/2020,THORPE WATER DEVELOPMENT,Bills & Utilities,Sale,-14.70,
05/27/2020,05/28/2020,AMZN Mktp US*M71ED1562,Shopping,Sale,-43.86,
05/18/2020,05/20/2020,ROLL20.NET,Shopping,Sale,-4.99,
05/18/2020,05/19/2020,AMZN Mktp US*M74L78LT0,Shopping,Sale,-139.06,
05/17/2020,05/18/2020,WM SUPERCENTER #5748,Groceries,Sale,-84.65,
05/17/2020,05/18/2020,GOOGLE *BLIZZARD ENT,Shopping,Sale,-21.24,
05/14/2020,05/15/2020,POWER LIFE YOGA JOHNSTN,Health & Wellness,Sale,-99.00,
05/12/2020,05/12/2020,EA *ORIGIN.COM,Bills & Utilities,Sale,-16.56,
05/10/2020,05/11/2020,TARGET        00017913,Groceries,Sale,-77.18,
05/04/2020,05/06/2020,SCHULTZ CHIROPRACTIC WELL,Health & Wellness,Sale,-79.00,
05/04/2020,05/06/2020,SCHULTZ CHIROPRACTIC WELL,Health & Wellness,Sale,-79.00,
05/04/2020,05/05/2020,GRAMMARLY COCSUWX5O,Shopping,Sale,-139.95,
05/03/2020,05/04/2020,TARGET        00017913,Groceries,Sale,-40.30,
05/02/2020,05/04/2020,QT 531,Gas,Sale,-25.15,
